Year	Passage	AA	Count
1968	Egg	L	1
1969	Egg	L	2
1971	Egg	L	1
1972	Egg	L	2
1975	Egg	L	1
1980	Egg	L	1
1982	Egg	L	1
1985	Egg	L	1
1986	Egg	L	3
1987	Egg	L	1
1988	Egg	L	1
1989	Egg	L	1
1991	Egg	L	1
1992	Egg	L	1
1993	Egg	L	1
1994	Egg	L	1
1995	Egg	I	1
1995	Egg	L	1
1996	Egg	L	1
1997	Egg	I	2
1997	Egg	L	1
1999	Egg	L	1
2000	Egg	V	1
2002	Egg	L	1
2003	Egg	L	8
2004	Egg	L	5
2005	Egg	L	2
2006	Egg	L	4
2007	Egg	P	12
2007	Egg	L	11
2008	Egg	P	5
2008	Egg	M	1
2008	Egg	L	11
2009	Egg	P	11
2009	Egg	L	19
2010	Egg	P	9
2010	Egg	L	20
2011	Egg	I	3
2011	Egg	P	1
2011	Egg	L	30
2012	Egg	I	4
2012	Egg	P	22
2012	Egg	L	41
2013	Egg	I	1
2013	Egg	P	16
2013	Egg	L	29
2014	Egg	I	1
2014	Egg	P	30
2014	Egg	L	26
2015	Egg	P	30
2015	Egg	L	1
2016	Egg	P	5
2016	Egg	L	10
1985	Ori	L	1
1999	Ori	L	3
2000	Ori	L	1
2002	Ori	L	4
2003	Ori	L	33
2004	Ori	L	6
2005	Ori	L	36
2006	Ori	L	8
2007	Ori	L	5
2008	Ori	L	35
2009	Ori	L	229
2010	Ori	L	43
2011	Ori	L	68
2012	Ori	L	178
2013	Ori	L	282
2014	Ori	L	3
2015	Ori	L	1
2016	Ori	L	9
